[{"nome":"luiz","idade":17},
{"nome":"luiz","idade":17},
{"nome":"luiz","idade":17},
{"nome":"luiz","idade":17},
{"nome":"luiz","idade":17},
{"nome":"luiz","idade":17},
{"nome":"luiz","idade":17},
{"nome":"luiz","idade":17},
{"nome":"luiz","idade":17},
{"nome":"luiz","idade":17},
{"nome":"luiz","idade":17},
{"nome":"luiz","idade":17},
{"nome":"luiz","idade":17},
{"nome":"luiz","idade":17},
{"nome":"luiz","idade":17},
{"nome":"luiz","idade":17},
{"nome":"luiz","idade":17},
{"nome":"luiz","idade":17},
{"nome":"luiz","idade":17},
{"nome":"luiz","idade":17},
{"nome":"luiz","idade":17},
{"nome":"luiz","idade":17},
{"nome":"luiz","idade":17},
{"nome":"luiz","idade":17},
{"nome":"luiz","idade":17},
{"nome":"luiz","idade":17},
{"nome":"luiz","idade":17},
{"nome":"luiz","idade":17},
{"nome":"luiz","idade":17},
{"nome":"luiz","idade":17},
{"nome":"luiz","idade":17},
{"nome":"luiz","idade":17},
{"nome":"luiz","idade":17},
{"nome":"luiz","idade":17},
{"nome":"luiz","idade":17},
{"nome":"luiz","idade":17},
{"nome":"luiz","idade":17},
{"nome":"luiz","idade":17},
{"nome":"luiz","idade":17},
{"nome":"luiz","idade":17},
{"nome":"luiz","idade":17},
{"nome":"luiz","idade":17},
{"nome":"luiz","idade":17},
{"nome":"luiz","idade":17},
{"nome":"luiz","idade":17},
{"nome":"luiz","idade":17},
{"nome":"luiz","idade":17},
{"nome":"luiz","idade":17},
{"nome":"luiz","idade":17},
{"nome":"luiz","idade":17},
{"nome":"luiz","idade":17},
{"nome":"luiz","idade":17},
{"nome":"luiz","idade":17},
{"nome":"luiz","idade":17},
{"nome":"luiz","idade":17},
{"nome":"luiz","idade":17},
{"nome":"luiz","idade":17},
{"nome":"luiz","idade":17},
{"nome":"luiz","idade":17},
{"nome":"luiz","idade":17},
{"nome":"luiz","idade":17},
{"nome":"luiz","idade":17},
{"nome":"luiz","idade":17},
{"nome":"luiz","idade":17},
{"nome":"luiz","idade":17},
{"nome":"luiz","idade":17},
{"nome":"luiz","idade":17},
{"nome":"luiz","idade":17},
{"nome":"luiz","idade":17},
{"nome":"luiz","idade":17},
{"nome":"luiz","idade":17},
{"nome":"luiz","idade":17},
{"nome":"luiz","idade":17},
{"nome":"luiz","idade":17},
{"nome":"luiz","idade":17},
{"nome":"luiz","idade":17},
{"nome":"luiz","idade":17},
{"nome":"luiz","idade":17},
{"nome":"luiz","idade":17},
{"nome":"luiz","idade":17},
{"nome":"luiz","idade":17},
{"nome":"luiz","idade":17},
{"nome":"luiz","idade":17},
{"nome":"luiz","idade":17},
{"nome":"luiz","idade":17},
{"nome":"luiz","idade":17},
{"nome":"luiz","idade":17},
{"nome":"luiz","idade":17},
{"nome":"luiz","idade":17},
{"nome":"luiz","idade":17},
{"nome":"luiz","idade":17},
{"nome":"luiz","idade":17},
{"nome":"luiz","idade":17},
{"nome":"luiz","idade":17},
{"nome":"luiz","idade":17},
{"nome":"luiz","idade":17},
{"nome":"luiz","idade":17},
{"nome":"luiz","idade":17},
{"nome":"luiz","idade":17},
{"nome":"luiz","idade":17},
{"nome":"luiz","idade":17},
{"nome":"luiz","idade":17},
{"nome":"luiz","idade":17},
{"nome":"luiz","idade":17},
{"nome":"luiz","idade":17},
{"nome":"luiz","idade":17},
{"nome":"luiz","idade":17},
{"nome":"luiz","idade":17},
{"nome":"luiz","idade":17},
{"nome":"luiz","idade":17},
{"nome":"luiz","idade":17},
{"nome":"luiz","idade":17},
{"nome":"luiz","idade":17},
{"nome":"luiz","idade":17},
{"nome":"luiz","idade":17},
{"nome":"luiz","idade":17},
{"nome":"luiz","idade":17},
{"nome":"luiz","idade":17},
{"nome":"luiz","idade":17},
{"nome":"luiz","idade":17},
{"nome":"luiz","idade":17},
{"nome":"luiz","idade":17},
{"nome":"luiz","idade":17},
{"nome":"luiz","idade":17},
{"nome":"luiz","idade":17},
{"nome":"luiz","idade":17},
{"nome":"luiz","idade":17},
{"nome":"luiz","idade":17},
{"nome":"luiz","idade":17},
{"nome":"luiz","idade":17},
{"nome":"luiz","idade":17},
{"nome":"luiz","idade":17},
{"nome":"luiz","idade":17},
{"nome":"luiz","idade":17},
{"nome":"luiz","idade":17},
{"nome":"luiz","idade":17},
{"nome":"luiz","idade":17},
{"nome":"luiz","idade":17},
{"nome":"luiz","idade":17},
{"nome":"luiz","idade":17},
{"nome":"luiz","idade":17},
{"nome":"luiz","idade":17},
{"nome":"luiz","idade":17},
{"nome":"luiz","idade":17},
{"nome":"luiz","idade":17},
{"nome":"luiz","idade":17},
{"nome":"luiz","idade":17},
{"nome":"luiz","idade":17},
{"nome":"luiz","idade":17},
{"nome":"luiz","idade":17},
{"nome":"luiz","idade":17},
{"nome":"luiz","idade":17},
{"nome":"luiz","idade":17},
{"nome":"luiz","idade":17},
{"nome":"luiz","idade":17},
{"nome":"luiz","idade":17},
{"nome":"luiz","idade":17},
{"nome":"luiz","idade":17},
{"nome":"luiz","idade":17},
{"nome":"luiz","idade":17},
{"nome":"luiz","idade":17},
{"nome":"luiz","idade":17},
{"nome":"luiz","idade":17},
{"nome":"luiz","idade":17},
{"nome":"luiz","idade":17},
{"nome":"luiz","idade":17},
{"nome":"luiz","idade":17},
{"nome":"luiz","idade":17},
{"nome":"luiz","idade":17},
{"nome":"luiz","idade":17},
{"nome":"luiz","idade":17},
{"nome":"luiz","idade":17},
{"nome":"luiz","idade":17},
{"nome":"luiz","idade":17},
{"nome":"luiz","idade":17},
{"nome":"luiz","idade":17},
{"nome":"luiz","idade":17},
{"nome":"luiz","idade":17},
{"nome":"luiz","idade":17},
{"nome":"luiz","idade":17},
{"nome":"luiz","idade":17},
{"nome":"luiz","idade":17},
{"nome":"luiz","idade":17},
{"nome":"luiz","idade":17},
{"nome":"luiz","idade":17},
{"nome":"luiz","idade":17},
{"nome":"luiz","idade":17}]